Time,Humidity,Temperature
2023-12-30 03:53:11,52.418681125725605,2.9638628249493193
2023-12-30 03:54:11,47.0,3.8602949910668283
2023-12-30 03:55:11,47.0,4.333243680824009
2023-12-30 03:56:11,47.0,3.708390371081399
2023-12-30 03:57:11,47.0,3.484179493552507
2023-12-30 03:58:11,47.0,3.177635754917347
2023-12-30 03:59:11,47.0,3.847634037060886
2023-12-30 04:00:11,47.0,4.7431987948110415
2023-12-30 04:01:11,47.0,4.387872763879117
2023-12-30 04:02:11,47.0,5.223091417143667
2023-12-30 04:03:11,47.0,5.278252448246869
2023-12-30 04:04:11,47.0,4.734664464296744
2023-12-30 04:05:11,47.0,4.601516439099511
2023-12-30 04:06:11,47.0,5.151097257684948
2023-12-30 04:07:11,47.0,-3.3642418313739775
2023-12-30 04:08:11,47.0,5.6480668758501
2023-12-30 04:09:11,47.0,4.156584208851482
2023-12-30 04:10:11,47.0,3.891133744187897
2023-12-30 04:11:11,47.0,4.6915935078617235
2023-12-30 04:12:11,47.0,4.351111953684356
2023-12-30 04:13:11,47.0,5.3913031846215596
2023-12-30 04:14:11,47.0,3.6564584757551097
2023-12-30 04:15:11,47.0,3.5392019353503934
2023-12-30 04:16:11,47.0,3.545123229386438
2023-12-30 04:17:11,47.0,2.8751072380251115
2023-12-30 04:18:11,47.0,3.5028419163391913
2023-12-30 04:19:11,47.0,-3.627436789159953
2023-12-30 04:20:11,47.0,3.9489381857501433
2023-12-30 04:21:11,47.0,3.4407370657788734
2023-12-30 04:22:11,47.0,2.6994270259917488
2023-12-30 04:23:11,47.0,2.3434730794689878
2023-12-30 04:24:11,47.0,2.5879211114348895
2023-12-30 04:25:11,47.0,2.5397853936572616
2023-12-30 04:26:11,47.0,2.6057113806323615
2023-12-30 04:27:11,47.0,1.746832715780855
2023-12-30 04:28:11,47.0,0.9381759619221355
2023-12-30 04:29:11,47.0,7.689945050929406
2023-12-30 04:30:11,47.0,0.9764704665353319
2023-12-30 04:31:11,47.0,0.5758218782650353
2023-12-30 04:32:11,47.0,1.0390953638424374
2023-12-30 04:33:11,47.0,0.39914705751504287
2023-12-30 04:34:11,47.0,0.33769091109480964
2023-12-30 04:35:11,47.0,1.3278065842649105
2023-12-30 04:36:11,47.0,1.6043621768736143
2023-12-30 04:37:11,47.0,1.369496181759248
2023-12-30 04:38:11,47.0,1.939214283390904
2023-12-30 04:39:11,47.0,1.5188846069721111
2023-12-30 04:40:11,47.0,2.338383122458914
2023-12-30 04:41:11,47.0,2.5201321488177357
2023-12-30 04:42:11,47.0,3.3673155237420938
2023-12-30 04:43:11,47.0,4.412314108137712
2023-12-30 04:44:11,47.0,3.8400169914752227
2023-12-30 04:45:11,47.0,4.659189862232919
2023-12-30 04:46:11,47.0,4.3220386204447045
2023-12-30 04:47:11,47.0,5.316759253688229
2023-12-30 04:48:11,47.0,5.926674217442425
2023-12-30 04:49:11,47.0,5.730173090392558
2023-12-30 04:50:11,47.0,6.631060013247163
2023-12-30 04:51:11,47.0,6.0993341992046055
2023-12-30 04:52:11,47.0,6.154273592490723
2023-12-30 04:53:11,47.0,5.738193372185399
2023-12-30 04:54:11,47.0,4.849158991575186
2023-12-30 04:55:11,47.0,4.333246696052395
2023-12-30 04:56:11,47.0,4.261772447070123
2023-12-30 04:57:11,47.0,4.730225854867727
2023-12-30 04:58:11,47.0,4.437379015132103
2023-12-30 04:59:11,47.0,4.659767274843283
2023-12-30 05:00:11,47.0,4.31157842087115
2023-12-30 05:01:11,47.0,3.4053088842912387
2023-12-30 05:02:11,47.0,3.52241048756005
2023-12-30 05:03:11,47.0,2.713885595943432
2023-12-30 05:04:11,47.0,1.9311274775689526
2023-12-30 05:05:11,47.0,2.471930269475398
2023-12-30 05:06:11,47.0,1.8893852226024908
2023-12-30 05:07:11,47.0,2.589362657075256
2023-12-30 05:08:11,47.0,1.8931796202640307
2023-12-30 05:09:11,47.0,2.090500248564517
2023-12-30 05:10:11,47.0,2.295753032646209
2023-12-30 05:11:11,47.0,2.524548392610085
2023-12-30 05:12:11,47.0,2.084143079164619
2023-12-30 05:13:11,47.0,1.5493350854609729
2023-12-30 05:14:11,47.0,0.6330036298690438
2023-12-30 05:15:11,47.0,-0.219406853323467
2023-12-30 05:16:11,47.0,-0.8814394342012515
2023-12-30 05:17:11,47.0,-1.4716624480965659
2023-12-30 05:18:11,47.0,-1.8698875782498494
2023-12-30 05:19:11,47.0,-0.9511356473462012
2023-12-30 05:20:11,47.0,-1.6238369313128251
2023-12-30 05:21:11,47.0,-0.9670263046986234
2023-12-30 05:22:11,47.0,-0.706884543779934
2023-12-30 05:23:11,47.0,-0.33912066762607895
2023-12-30 05:24:11,47.0,-1.2801382001777977
2023-12-30 05:25:11,47.0,-1.9427140159667422
2023-12-30 05:26:11,47.0,-1.7236333471553258
2023-12-30 05:27:11,47.0,-2.197467617749207
2023-12-30 05:28:11,47.0,-2.346045557767612
2023-12-30 05:29:11,47.0,-3.2802508828391135
2023-12-30 05:30:11,47.0,-3.634356782494211
2023-12-30 05:31:11,47.0,-3.2334292841371255
2023-12-30 05:32:11,47.0,-2.6489236420932496
2023-12-30 05:33:11,55.49902427839375,-2.6103448092720667
2023-12-30 05:34:11,47.0,-2.7553967909560324
2023-12-30 05:35:11,47.0,-2.9602750877016164
2023-12-30 05:36:11,47.0,-3.8997063951559245
2023-12-30 05:37:11,47.0,-4.205612146436208
2023-12-30 05:38:11,47.0,-8.885785659573827
2023-12-30 05:39:11,47.0,-4.017434389716338
2023-12-30 05:40:11,47.0,-4.523285122784399
2023-12-30 05:41:11,47.0,-5.436034764930401
2023-12-30 05:42:11,47.0,-6.056611748549698
2023-12-30 05:43:11,47.0,-5.867579538934706
2023-12-30 05:44:11,47.0,-6.791528578508634
2023-12-30 05:45:11,47.0,2.4062238352968723
2023-12-30 05:46:11,47.0,-7.000765136921371
2023-12-30 05:47:11,47.0,-7.297475444918907
2023-12-30 05:48:11,47.0,-6.664867463689719
2023-12-30 05:49:11,47.0,-6.211148374438375
2023-12-30 05:50:11,47.0,-5.950568317724901
2023-12-30 05:51:11,47.0,-4.4712217248301505
2023-12-30 05:52:11,47.0,-4.59364071038191
2023-12-30 05:53:11,47.0,-5.446941008048014
2023-12-30 05:54:11,47.0,-5.1136806367193355
2023-12-30 05:55:11,47.0,-6.150238396330814
2023-12-30 05:56:11,47.0,-4.284652698674432
2023-12-30 05:57:11,47.0,-3.4700634352885835
2023-12-30 05:58:11,47.0,-3.894942536886489
2023-12-30 05:59:11,47.0,-3.8784498407577193
2023-12-30 06:00:11,47.0,-4.420650359998005
2023-12-30 06:01:11,47.0,-4.122281264433008
2023-12-30 06:02:11,47.0,-4.575465686168228
2023-12-30 06:03:11,47.0,-4.818102295518345
2023-12-30 06:04:11,47.0,-4.866796312126234
2023-12-30 06:05:11,47.0,-4.385241602841893
2023-12-30 06:06:11,47.0,-3.9490430636808393
2023-12-30 06:07:11,47.0,-3.7041550310541793
2023-12-30 06:08:11,47.0,-3.1884601560781904
2023-12-30 06:09:11,47.0,-3.0637993384515116
2023-12-30 06:10:11,47.0,-2.7421386222675865
2023-12-30 06:11:11,47.0,-2.7674624703477733
2023-12-30 06:12:11,47.0,-2.2227177545225034
2023-12-30 06:13:11,47.0,-1.668339319435958
2023-12-30 06:14:11,47.0,-9.727371606786328
2023-12-30 06:15:11,47.0,-2.4771578352150603
2023-12-30 06:16:11,47.0,-1.881765993697626
2023-12-30 06:17:11,47.0,-2.6883642315845115
2023-12-30 06:18:11,47.0,-3.0323919199350406
2023-12-30 06:19:11,47.0,-3.681037486511833
2023-12-30 06:20:11,47.0,-2.7752544750385435
2023-12-30 06:21:11,47.0,-2.956997049037673
2023-12-30 06:22:11,47.0,-3.765721534697443
2023-12-30 06:23:11,47.0,-4.716799389553195
2023-12-30 06:24:11,47.0,-4.941009140807929
2023-12-30 06:25:11,47.0,1.4772070992847812
2023-12-30 06:26:11,47.0,-5.24159849091389
2023-12-30 06:27:11,47.0,-5.9892665049121625
2023-12-30 06:28:11,47.0,-6.206466362379156
2023-12-30 06:29:11,47.0,-4.678953273905692
2023-12-30 06:30:11,47.0,-4.574056976873493
2023-12-30 06:31:11,47.0,-4.707199569647051
2023-12-30 06:32:11,47.0,-4.789252874280644
2023-12-30 06:33:11,47.0,-4.8044663138641495
2023-12-30 06:34:11,47.0,-3.374911760312263
2023-12-30 06:35:11,47.0,-3.3095427919813885
2023-12-30 06:36:11,47.0,-3.264411008737347
2023-12-30 06:37:11,47.0,-3.257529888735762
2023-12-30 06:38:11,47.0,-3.487740204498352
2023-12-30 06:39:11,47.0,-3.004547012708496
2023-12-30 06:40:11,47.0,-3.1343175470281146
2023-12-30 06:41:11,47.0,-3.318281519432894
2023-12-30 06:42:11,47.0,-3.9176774167425323
2023-12-30 06:43:11,47.0,-4.8934574797608725
2023-12-30 06:44:11,47.0,-5.091268973993303
2023-12-30 06:45:11,47.0,-5.757874284321176
2023-12-30 06:46:11,47.0,-5.392105708201145
2023-12-30 06:47:11,47.0,-4.698137022968833
2023-12-30 06:48:11,47.0,-4.267669155133348
2023-12-30 06:49:11,47.0,-4.336740646577635
2023-12-30 06:50:11,47.0,-5.05725108771985
2023-12-30 06:51:11,47.0,-5.781702717034551
2023-12-30 06:52:11,47.0,-6.398819977433098
2023-12-30 06:53:11,47.0,-7.021098446033248
2023-12-30 06:54:11,47.0,-7.680424946812861
2023-12-30 06:55:11,47.0,-6.778159546163544
2023-12-30 06:56:11,47.0,-5.900737409686625
2023-12-30 06:57:11,47.0,-4.972130521513816
2023-12-30 06:58:11,47.0,-4.911842514746006
2023-12-30 06:59:11,47.0,-5.085518372199022
2023-12-30 07:00:11,47.0,-3.7920917040888007
2023-12-30 07:01:11,47.0,-3.98307840956995
2023-12-30 07:02:11,47.0,-2.992847237113855
2023-12-30 07:03:11,47.0,-3.6281297052539903
2023-12-30 07:04:11,47.0,-4.522048478946541
2023-12-30 07:05:11,47.0,-4.019256607470725
2023-12-30 07:06:11,47.0,-4.000141967638944
2023-12-30 07:07:11,47.0,-3.1904903299329015
2023-12-30 07:08:11,47.0,-2.771545211356771
2023-12-30 07:09:11,47.0,8.091181159986462
2023-12-30 07:10:11,47.0,-3.6517781765719137
2023-12-30 07:11:11,47.0,-3.757975063374909
2023-12-30 07:12:11,47.0,-3.582022859330708
2023-12-30 07:13:11,53.56211074509911,-3.018368572446307
2023-12-30 07:14:11,47.0,-2.2930384478996597
2023-12-30 07:15:11,47.0,-2.8413128647986303
2023-12-30 07:16:11,47.0,0.36230784272793315
2023-12-30 07:17:11,47.0,-2.5955207802466513
2023-12-30 07:18:11,47.0,-3.4740460000416706
2023-12-30 07:19:11,47.0,-3.3487329561319017
2023-12-30 07:20:11,47.0,-2.920390571341429
2023-12-30 07:21:11,47.0,-6.0615462340879445
2023-12-30 07:22:11,47.0,-2.5480864365594798
2023-12-30 07:23:11,47.0,-2.8008068787030336
2023-12-30 07:24:11,47.0,-2.4495844014976633
2023-12-30 07:25:11,47.0,-1.2791834339819037
2023-12-30 07:26:11,47.0,-1.5365304824416968
2023-12-30 07:27:11,47.0,-2.5058394751744286
2023-12-30 07:28:11,47.0,-3.413232249584632
2023-12-30 07:29:11,47.0,-3.1987587888508013
2023-12-30 07:30:11,47.0,-2.669786840207313
2023-12-30 07:31:11,47.0,-1.9267112472839611
2023-12-30 07:32:11,47.0,-2.218743698631674
2023-12-30 07:33:11,47.0,-2.8029675174709023
2023-12-30 07:34:11,47.0,-1.8879415209668282
2023-12-30 07:35:11,47.0,-2.8098439269306947
2023-12-30 07:36:11,47.0,-3.1048948207257534
2023-12-30 07:37:11,47.0,-2.6246342413270174
2023-12-30 07:38:11,47.0,-2.4774358112980783
2023-12-30 07:39:11,47.0,-1.863309307093597
2023-12-30 07:40:11,47.0,-1.7814803055180126
2023-12-30 07:41:11,47.0,-2.7769062892585765
2023-12-30 07:42:11,47.0,-1.9184629618170759
2023-12-30 07:43:11,47.0,-2.9024143948873813
2023-12-30 07:44:11,47.0,-2.805060382855447
2023-12-30 07:45:11,47.0,-2.228468267600861
2023-12-30 07:46:11,47.0,-2.9893948631774223
2023-12-30 07:47:11,47.0,-3.7219421419212564
2023-12-30 07:48:11,47.0,-4.394565187716604
2023-12-30 07:49:11,47.0,-5.123520385740217
2023-12-30 07:50:11,47.0,-5.755974348553497
2023-12-30 07:51:11,47.0,-5.992670417903113
2023-12-30 07:52:11,47.0,-5.431653528510283
2023-12-30 07:53:11,47.0,-5.5092035135536905
2023-12-30 07:54:11,47.0,-5.128150679158646
2023-12-30 07:55:11,47.0,-5.66824547262007
2023-12-30 07:56:11,47.0,-5.388042776541798
2023-12-30 07:57:11,47.0,-5.858589600567985
2023-12-30 07:58:11,47.0,-5.406344365143099
2023-12-30 07:59:11,47.0,-5.779129821511794
2023-12-30 08:00:11,47.0,-6.54415004221598
2023-12-30 08:01:11,47.0,-7.112977394136195
2023-12-30 08:02:11,47.0,-8.096929288463215
2023-12-30 08:03:11,47.0,-9.090359310241734
2023-12-30 08:04:11,47.0,-9.36057844546
2023-12-30 08:05:11,47.0,-9.70695162164309
2023-12-30 08:06:11,47.0,-10.0
2023-12-30 08:07:11,47.0,-10.0
2023-12-30 08:08:11,47.0,-10.0
2023-12-30 08:09:11,47.0,-10.0
2023-12-30 08:10:11,47.0,-10.0
2023-12-30 08:11:11,47.0,-10.0
2023-12-30 08:12:11,47.0,-10.0
2023-12-30 08:13:11,47.0,-10.0
2023-12-30 08:14:11,47.0,-10.0
2023-12-30 08:15:11,47.0,-10.0
2023-12-30 08:16:11,47.0,-10.0
2023-12-30 08:17:11,47.0,-10.0
2023-12-30 08:18:11,47.0,-10.0
2023-12-30 08:19:11,47.0,-10.0
2023-12-30 08:20:11,47.0,-10.0
2023-12-30 08:21:11,47.0,-9.927367054901032
2023-12-30 08:22:11,47.0,-10.0
2023-12-30 08:23:11,47.0,-10.0
2023-12-30 08:24:11,47.0,-10.0
2023-12-30 08:25:11,47.0,-9.8996731621831
2023-12-30 08:26:11,47.0,-10.0
2023-12-30 08:27:11,47.0,-10.0
2023-12-30 08:28:11,47.0,-10.0
2023-12-30 08:29:11,47.0,-9.702355629145265
2023-12-30 08:30:11,47.0,-9.007274244397157
2023-12-30 08:31:11,47.0,-8.370366497408567
2023-12-30 08:32:11,47.0,-8.762078684090499
2023-12-30 08:33:11,47.0,-8.463754703311357
2023-12-30 08:34:11,47.0,-8.783938559012029
2023-12-30 08:35:11,47.0,-8.281712221425474
2023-12-30 08:36:11,47.0,-8.380542756367412
2023-12-30 08:37:11,47.0,-8.795808078892245
2023-12-30 08:38:11,47.0,7.082362771740069
2023-12-30 08:39:11,47.0,-9.24005055770622
2023-12-30 08:40:11,47.0,-9.73200599548164
2023-12-30 08:41:11,47.0,-10.0
2023-12-30 08:42:11,47.0,-10.0
2023-12-30 08:43:11,47.0,-10.0
2023-12-30 08:44:11,47.0,-6.4313782020413335
2023-12-30 08:45:11,47.0,-10.0
2023-12-30 08:46:11,47.0,-10.0
2023-12-30 08:47:11,47.0,-10.0
2023-12-30 08:48:11,47.0,-10.0
2023-12-30 08:49:11,47.0,-10.0
2023-12-30 08:50:11,47.0,-10.0
2023-12-30 08:51:11,47.0,-10.0
2023-12-30 08:52:11,47.0,-10.0
2023-12-30 08:53:11,55.71928870224696,-10.0
2023-12-30 08:54:11,47.0,-10.0
2023-12-30 08:55:11,47.0,-10.0
2023-12-30 08:56:11,47.0,-10.0
2023-12-30 08:57:11,47.0,-10.0
2023-12-30 08:58:11,47.0,-10.0
2023-12-30 08:59:11,47.0,-10.0
2023-12-30 09:00:11,47.0,-10.0
2023-12-30 09:01:11,47.0,-9.826636025800052
2023-12-30 09:02:11,47.0,-9.59256129487897
2023-12-30 09:03:11,47.0,6.252735124008709
2023-12-30 09:04:11,47.0,-9.103348116017637
2023-12-30 09:05:11,47.0,-9.154949447915168
2023-12-30 09:06:11,47.0,-9.052166820387594
2023-12-30 09:07:11,47.0,-9.953030524609833
2023-12-30 09:08:11,47.0,-9.876360333136612
2023-12-30 09:09:11,47.0,-9.271243116800017
2023-12-30 09:10:11,47.0,-9.764518795381772
2023-12-30 09:11:11,47.0,-10.0
2023-12-30 09:12:11,47.0,-9.83274218940286
2023-12-30 09:13:11,47.0,-10.0
2023-12-30 09:14:11,47.0,-10.0
2023-12-30 09:15:11,47.0,-10.0
2023-12-30 09:16:11,47.0,-10.0
2023-12-30 09:17:11,47.0,-10.0
2023-12-30 09:18:11,47.0,-10.0
2023-12-30 09:19:11,47.0,-10.0
2023-12-30 09:20:11,47.0,-10.0
2023-12-30 09:21:11,47.0,-10.0
2023-12-30 09:22:11,47.0,-10.0
2023-12-30 09:23:11,47.0,-10.0
2023-12-30 09:24:11,47.0,-10.0
2023-12-30 09:25:11,47.0,-10.0
2023-12-30 09:26:11,47.0,-10.0
2023-12-30 09:27:11,47.0,-10.0
2023-12-30 09:28:11,47.0,-10.0
2023-12-30 09:29:11,47.0,-10.0
2023-12-30 09:30:11,47.0,-10.0
2023-12-30 09:31:11,47.0,-10.0
2023-12-30 09:32:11,47.0,-10.0
2023-12-30 09:33:11,47.0,-10.0
2023-12-30 09:34:11,47.0,-10.0
2023-12-30 09:35:11,47.0,-10.0
2023-12-30 09:36:11,47.0,-10.0
2023-12-30 09:37:11,47.0,-10.0
2023-12-30 09:38:11,47.0,-10.0
2023-12-30 09:39:11,47.0,-10.0
2023-12-30 09:40:11,47.0,-10.0
2023-12-30 09:41:11,47.0,6.565883307223864
2023-12-30 09:42:11,47.0,-10.0
2023-12-30 09:43:11,47.0,-10.0
2023-12-30 09:44:11,47.0,-10.0
2023-12-30 09:45:11,47.0,-10.0
2023-12-30 09:46:11,47.0,-10.0
2023-12-30 09:47:11,47.0,-10.0
2023-12-30 09:48:11,47.0,-10.0
2023-12-30 09:49:11,47.0,-10.0
2023-12-30 09:50:11,47.0,-10.0
2023-12-30 09:51:11,47.0,-10.0
2023-12-30 09:52:11,47.0,-10.0
2023-12-30 09:53:11,47.0,-10.0
2023-12-30 09:54:11,47.0,-2.191686992989929
2023-12-30 09:55:11,47.0,-10.0
2023-12-30 09:56:11,47.0,-10.0
2023-12-30 09:57:11,47.0,-10.0
2023-12-30 09:58:11,47.0,-10.0
2023-12-30 09:59:11,47.0,-10.0
2023-12-30 10:00:11,47.0,-10.0
2023-12-30 10:01:11,47.0,-10.0
2023-12-30 10:02:11,47.0,-10.0
2023-12-30 10:03:11,47.0,-10.0
2023-12-30 10:04:11,47.0,-10.0
2023-12-30 10:05:11,47.0,-10.0
2023-12-30 10:06:11,47.0,-10.0
2023-12-30 10:07:11,47.0,-10.0
2023-12-30 10:08:11,47.0,-10.0
2023-12-30 10:09:11,47.0,2.3807480833871857
2023-12-30 10:10:11,47.0,-10.0
2023-12-30 10:11:11,47.0,-10.0
2023-12-30 10:12:11,47.0,-10.0
2023-12-30 10:13:11,47.0,-10.0
2023-12-30 10:14:11,47.0,-10.0
2023-12-30 10:15:11,47.0,-10.0
2023-12-30 10:16:11,47.0,-10.0
2023-12-30 10:17:11,47.0,-10.0
2023-12-30 10:18:11,47.0,-10.0
2023-12-30 10:19:11,47.0,-10.0
2023-12-30 10:20:11,47.0,-10.0
2023-12-30 10:21:11,47.0,-10.0
2023-12-30 10:22:11,47.0,-10.0
2023-12-30 10:23:11,47.0,-10.0
2023-12-30 10:24:11,47.0,-10.0
2023-12-30 10:25:11,47.0,-10.0
2023-12-30 10:26:11,47.0,-10.0
2023-12-30 10:27:11,47.0,-10.0
2023-12-30 10:28:11,47.0,-10.0
2023-12-30 10:29:11,47.0,-10.0
2023-12-30 10:30:11,47.0,-10.0
2023-12-30 10:31:11,47.0,-10.0
2023-12-30 10:32:11,47.0,-10.0
2023-12-30 10:33:11,55.50462375594929,-10.0
2023-12-30 10:34:11,47.0,-10.0
2023-12-30 10:35:11,47.0,-10.0
2023-12-30 10:36:11,47.0,-10.0
2023-12-30 10:37:11,47.0,-10.0
2023-12-30 10:38:11,47.0,-10.0
2023-12-30 10:39:11,47.0,-10.0
2023-12-30 10:40:11,47.0,-10.0
2023-12-30 10:41:11,47.0,-10.0
2023-12-30 10:42:11,47.0,-10.0
2023-12-30 10:43:11,47.0,-10.0
2023-12-30 10:44:11,47.0,-10.0
2023-12-30 10:45:11,47.0,-10.0
2023-12-30 10:46:11,47.0,-10.0
2023-12-30 10:47:11,47.0,-10.0
2023-12-30 10:48:11,47.0,-10.0
2023-12-30 10:49:11,47.0,-10.0
2023-12-30 10:50:11,47.0,-10.0
2023-12-30 10:51:11,47.0,-10.0
2023-12-30 10:52:11,47.0,-10.0
2023-12-30 10:53:11,47.0,-10.0
2023-12-30 10:54:11,47.0,-10.0
2023-12-30 10:55:11,47.0,-10.0
2023-12-30 10:56:11,47.0,-10.0
2023-12-30 10:57:11,47.0,-10.0
2023-12-30 10:58:11,47.0,-10.0
2023-12-30 10:59:11,47.0,-10.0
2023-12-30 11:00:11,47.0,-10.0
2023-12-30 11:01:11,47.0,-10.0
2023-12-30 11:02:11,47.0,-10.0
2023-12-30 11:03:11,47.0,-10.0
2023-12-30 11:04:11,47.0,-10.0
2023-12-30 11:05:11,47.0,-10.0
2023-12-30 11:06:11,47.0,-10.0
2023-12-30 11:07:11,47.0,-10.0
2023-12-30 11:08:11,47.0,-10.0
2023-12-30 11:09:11,47.0,-10.0
2023-12-30 11:10:11,47.0,-10.0
2023-12-30 11:11:11,47.0,-10.0
2023-12-30 11:12:11,47.0,-10.0
2023-12-30 11:13:11,47.0,-10.0
2023-12-30 11:14:11,47.0,-10.0
2023-12-30 11:15:11,47.0,-10.0
2023-12-30 11:16:11,47.0,-10.0
2023-12-30 11:17:11,47.0,-10.0
2023-12-30 11:18:11,47.0,-10.0
2023-12-30 11:19:11,47.0,-10.0
2023-12-30 11:20:11,47.0,-10.0
2023-12-30 11:21:11,47.0,-10.0
2023-12-30 11:22:11,47.0,-10.0
2023-12-30 11:23:11,47.0,-10.0
2023-12-30 11:24:11,47.0,-10.0
2023-12-30 11:25:11,47.0,-10.0
2023-12-30 11:26:11,47.0,-10.0
2023-12-30 11:27:11,47.0,-10.0
2023-12-30 11:28:11,47.0,-10.0
2023-12-30 11:29:11,47.0,-10.0
2023-12-30 11:30:11,47.0,-10.0
2023-12-30 11:31:11,47.0,-10.0
2023-12-30 11:32:11,47.0,-10.0
2023-12-30 11:33:11,47.0,-10.0
2023-12-30 11:34:11,47.0,-10.0
2023-12-30 11:35:11,47.0,-10.0
2023-12-30 11:36:11,47.0,-10.0
2023-12-30 11:37:11,47.0,-10.0
2023-12-30 11:38:11,47.0,-10.0
2023-12-30 11:39:11,47.0,-10.0
2023-12-30 11:40:11,47.0,-10.0
2023-12-30 11:41:11,47.0,-10.0
2023-12-30 11:42:11,47.0,-10.0
2023-12-30 11:43:11,47.0,-10.0
2023-12-30 11:44:11,47.0,-10.0
2023-12-30 11:45:11,47.0,-10.0
2023-12-30 11:46:11,47.0,-10.0
2023-12-30 11:47:11,47.0,-10.0
2023-12-30 11:48:11,47.0,0.9511715357715893
2023-12-30 11:49:11,47.0,-10.0
2023-12-30 11:50:11,47.0,-10.0
2023-12-30 11:51:11,47.0,-10.0
2023-12-30 11:52:11,47.0,-10.0
2023-12-30 11:53:11,47.0,-10.0
2023-12-30 11:54:11,47.0,-10.0
2023-12-30 11:55:11,47.0,-10.0
2023-12-30 11:56:11,47.0,-10.0
2023-12-30 11:57:11,47.0,-10.0
2023-12-30 11:58:11,47.0,-10.0
2023-12-30 11:59:11,47.0,-10.0
2023-12-30 12:00:11,47.0,-10.0
2023-12-30 12:01:11,47.0,-10.0
2023-12-30 12:02:11,47.0,-10.0
2023-12-30 12:03:11,47.0,-10.0
2023-12-30 12:04:11,47.0,-10.0
2023-12-30 12:05:11,47.0,-10.0
2023-12-30 12:06:11,47.0,-10.0
2023-12-30 12:07:11,47.0,-10.0
2023-12-30 12:08:11,47.0,-10.0
2023-12-30 12:09:11,47.0,-10.0
2023-12-30 12:10:11,47.0,-10.0
2023-12-30 12:11:11,47.0,-10.0
2023-12-30 12:12:11,47.0,-10.0
2023-12-30 12:13:11,54.14828948189758,-10.0
2023-12-30 12:14:11,47.0,-10.0
2023-12-30 12:15:11,47.0,-10.0
2023-12-30 12:16:11,47.0,-10.0
2023-12-30 12:17:11,47.0,-10.0
2023-12-30 12:18:11,47.0,-10.0
2023-12-30 12:19:11,47.0,-10.0
2023-12-30 12:20:11,47.0,-10.0
2023-12-30 12:21:11,47.0,-10.0
2023-12-30 12:22:11,47.0,-10.0
2023-12-30 12:23:11,47.0,-10.0
2023-12-30 12:24:11,47.0,-10.0
2023-12-30 12:25:11,47.0,-10.0
2023-12-30 12:26:11,47.0,-10.0
2023-12-30 12:27:11,47.0,-10.0
2023-12-30 12:28:11,47.0,-10.0
2023-12-30 12:29:11,47.0,-10.0
2023-12-30 12:30:11,47.0,-10.0
2023-12-30 12:31:11,47.0,-10.0
2023-12-30 12:32:11,47.0,-10.0
2023-12-30 12:33:11,47.0,-10.0
2023-12-30 12:34:11,47.0,-10.0
2023-12-30 12:35:11,47.0,-10.0
2023-12-30 12:36:11,47.0,-10.0
2023-12-30 12:37:11,47.0,-10.0
2023-12-30 12:38:11,47.0,-10.0
2023-12-30 12:39:11,47.0,-10.0
2023-12-30 12:40:11,47.0,-10.0
2023-12-30 12:41:11,47.0,-10.0
2023-12-30 12:42:11,47.0,-10.0
2023-12-30 12:43:11,47.0,-10.0
2023-12-30 12:44:11,47.0,-10.0
2023-12-30 12:45:11,47.0,-10.0
2023-12-30 12:46:11,47.0,-10.0
2023-12-30 12:47:11,47.0,-10.0
2023-12-30 12:48:11,47.0,-10.0
2023-12-30 12:49:11,47.0,-10.0
2023-12-30 12:50:11,47.0,-10.0
2023-12-30 12:51:11,47.0,-10.0
2023-12-30 12:52:11,47.0,-10.0
2023-12-30 12:53:11,47.0,-10.0
2023-12-30 12:54:11,47.0,-10.0
2023-12-30 12:55:11,47.0,-10.0
2023-12-30 12:56:11,47.0,-10.0
2023-12-30 12:57:11,47.0,-10.0
2023-12-30 12:58:11,47.0,-10.0
2023-12-30 12:59:11,47.0,-10.0
2023-12-30 13:00:11,47.0,-10.0
2023-12-30 13:01:11,47.0,-10.0
2023-12-30 13:02:11,47.0,-10.0
2023-12-30 13:03:11,47.0,-10.0
2023-12-30 13:04:11,47.0,-10.0
2023-12-30 13:05:11,47.0,-10.0
2023-12-30 13:06:11,47.0,-10.0
2023-12-30 13:07:11,47.0,-10.0
2023-12-30 13:08:11,47.0,-10.0
2023-12-30 13:09:11,47.0,-10.0
2023-12-30 13:10:11,47.0,8.75612101933606
2023-12-30 13:11:11,47.0,-10.0
2023-12-30 13:12:11,47.0,-10.0
2023-12-30 13:13:11,47.0,-10.0
2023-12-30 13:14:11,47.0,-10.0
2023-12-30 13:15:11,47.0,-10.0
2023-12-30 13:16:11,47.0,2.4630705238663175
2023-12-30 13:17:11,47.0,-10.0
2023-12-30 13:18:11,47.0,-10.0
2023-12-30 13:19:11,47.0,1.8775218585947844
2023-12-30 13:20:11,47.0,-10.0
2023-12-30 13:21:11,47.0,-10.0
2023-12-30 13:22:11,47.0,-10.0
2023-12-30 13:23:11,47.0,-10.0
2023-12-30 13:24:11,47.0,-10.0
2023-12-30 13:25:11,47.0,-10.0
2023-12-30 13:26:11,47.0,-10.0
2023-12-30 13:27:11,47.0,-10.0
2023-12-30 13:28:11,47.0,-10.0
2023-12-30 13:29:11,47.0,-10.0
2023-12-30 13:30:11,47.0,-10.0
2023-12-30 13:31:11,47.0,-10.0
2023-12-30 13:32:11,47.0,-10.0
2023-12-30 13:33:11,47.0,-10.0
2023-12-30 13:34:11,47.0,-10.0
2023-12-30 13:35:11,47.0,-10.0
2023-12-30 13:36:11,47.0,-10.0
2023-12-30 13:37:11,47.0,-10.0
2023-12-30 13:38:11,47.0,-10.0
2023-12-30 13:39:11,47.0,-10.0
2023-12-30 13:40:11,47.0,-10.0
2023-12-30 13:41:11,47.0,-10.0
2023-12-30 13:42:11,47.0,-10.0
2023-12-30 13:43:11,47.0,4.568090865865074
2023-12-30 13:44:11,47.0,-10.0
2023-12-30 13:45:11,47.0,-10.0
2023-12-30 13:46:11,47.0,-10.0
2023-12-30 13:47:11,47.0,-10.0
2023-12-30 13:48:11,47.0,-10.0
2023-12-30 13:49:11,47.0,-10.0
2023-12-30 13:50:11,47.0,-10.0
2023-12-30 13:51:11,47.0,-10.0
2023-12-30 13:52:11,47.0,8.635705176067123
2023-12-30 13:53:11,55.16825199706787,-10.0
2023-12-30 13:54:11,47.0,-10.0
2023-12-30 13:55:11,47.0,-10.0
2023-12-30 13:56:11,47.0,-10.0
2023-12-30 13:57:11,47.0,-10.0
2023-12-30 13:58:11,47.0,-10.0
2023-12-30 13:59:11,47.0,-10.0
2023-12-30 14:00:11,47.0,-10.0
2023-12-30 14:01:11,47.0,-10.0
2023-12-30 14:02:11,47.0,-10.0
2023-12-30 14:03:11,47.0,-10.0
2023-12-30 14:04:11,47.0,-10.0
2023-12-30 14:05:11,47.0,-10.0
2023-12-30 14:06:11,47.0,-10.0
2023-12-30 14:07:11,47.0,-10.0
2023-12-30 14:08:11,47.0,-10.0
2023-12-30 14:09:11,47.0,-10.0
2023-12-30 14:10:11,47.0,-10.0
2023-12-30 14:11:11,47.0,-10.0
2023-12-30 14:12:11,47.0,-10.0
2023-12-30 14:13:11,47.0,-10.0
2023-12-30 14:14:11,47.0,-10.0
2023-12-30 14:15:11,47.0,-10.0
2023-12-30 14:16:11,47.0,-10.0
2023-12-30 14:17:11,47.0,-10.0
2023-12-30 14:18:11,47.0,-10.0
2023-12-30 14:19:11,47.0,-10.0
2023-12-30 14:20:11,47.0,-10.0
2023-12-30 14:21:11,47.0,-10.0
2023-12-30 14:22:11,47.0,-10.0
2023-12-30 14:23:11,47.0,-10.0
2023-12-30 14:24:11,47.0,-10.0
2023-12-30 14:25:11,47.0,-10.0
2023-12-30 14:26:11,47.0,-10.0
2023-12-30 14:27:11,47.0,-10.0
2023-12-30 14:28:11,47.0,-10.0
2023-12-30 14:29:11,47.0,-10.0
2023-12-30 14:30:11,47.0,-10.0
2023-12-30 14:31:11,47.0,-10.0
2023-12-30 14:32:11,47.0,-10.0
2023-12-30 14:33:11,47.0,-10.0
2023-12-30 14:34:11,47.0,-10.0
2023-12-30 14:35:11,47.0,-10.0
2023-12-30 14:36:11,47.0,-10.0
2023-12-30 14:37:11,47.0,-10.0
2023-12-30 14:38:11,47.0,-10.0
2023-12-30 14:39:11,47.0,-3.660783553819078
2023-12-30 14:40:11,47.0,-7.1449949816172875
2023-12-30 14:41:11,47.0,-10.0
2023-12-30 14:42:11,47.0,-10.0
2023-12-30 14:43:11,47.0,-10.0
2023-12-30 14:44:11,47.0,-10.0
2023-12-30 14:45:11,47.0,-10.0
2023-12-30 14:46:11,47.0,-10.0
2023-12-30 14:47:11,47.0,-10.0
2023-12-30 14:48:11,47.0,-10.0
2023-12-30 14:49:11,47.0,-10.0
2023-12-30 14:50:11,47.0,-10.0
2023-12-30 14:51:11,47.0,-10.0
2023-12-30 14:52:11,47.0,-9.819475073840731
2023-12-30 14:53:11,47.0,-10.0
2023-12-30 14:54:11,47.0,-9.611517909731349
2023-12-30 14:55:11,47.0,-9.698103203887317
2023-12-30 14:56:11,47.0,-10.0
2023-12-30 14:57:11,47.0,-8.879362626274519
2023-12-30 14:58:11,47.0,-9.809456113578992
2023-12-30 14:59:11,47.0,-10.0
2023-12-30 15:00:11,47.0,-10.0
2023-12-30 15:01:11,47.0,-10.0
2023-12-30 15:02:11,47.0,-9.75214520289198
2023-12-30 15:03:11,47.0,-10.0
2023-12-30 15:04:11,47.0,-9.315501004678456
2023-12-30 15:05:11,47.0,-10.0
2023-12-30 15:06:11,47.0,-10.0
2023-12-30 15:07:11,47.0,-10.0
2023-12-30 15:08:11,47.0,-10.0
2023-12-30 15:09:11,47.0,-10.0
2023-12-30 15:10:11,47.0,-10.0
2023-12-30 15:11:11,47.0,-10.0
2023-12-30 15:12:11,47.0,-10.0
2023-12-30 15:13:11,47.0,-10.0
2023-12-30 15:14:11,47.0,-10.0
2023-12-30 15:15:11,47.0,-10.0
2023-12-30 15:16:11,47.0,-10.0
2023-12-30 15:17:11,47.0,-10.0
2023-12-30 15:18:11,47.0,-10.0
2023-12-30 15:19:11,47.0,-10.0
2023-12-30 15:20:11,47.0,-10.0
2023-12-30 15:21:11,47.0,-10.0
2023-12-30 15:22:11,47.0,-9.761719225560727
2023-12-30 15:23:11,47.0,-10.0
2023-12-30 15:24:11,47.0,-10.0
2023-12-30 15:25:11,47.0,-10.0
2023-12-30 15:26:11,47.0,-10.0
2023-12-30 15:27:11,47.0,6.792579140745271
2023-12-30 15:28:11,47.0,-10.0
2023-12-30 15:29:11,47.0,-10.0
2023-12-30 15:30:11,47.0,-10.0
2023-12-30 15:31:11,47.0,-10.0
2023-12-30 15:32:11,47.0,-10.0
2023-12-30 15:33:11,55.25797571341987,-10.0
2023-12-30 15:34:11,47.0,-10.0
2023-12-30 15:35:11,47.0,-10.0
2023-12-30 15:36:11,47.0,-10.0
2023-12-30 15:37:11,47.0,-10.0
2023-12-30 15:38:11,47.0,-10.0
2023-12-30 15:39:11,47.0,-10.0
2023-12-30 15:40:11,47.0,-10.0
2023-12-30 15:41:11,47.0,-10.0
2023-12-30 15:42:11,47.0,-10.0
2023-12-30 15:43:11,47.0,-10.0
2023-12-30 15:44:11,47.0,-10.0
2023-12-30 15:45:11,47.0,-10.0
2023-12-30 15:46:11,47.0,-10.0
2023-12-30 15:47:11,47.0,-10.0
2023-12-30 15:48:11,47.0,-10.0
2023-12-30 15:49:11,47.0,-10.0
2023-12-30 15:50:11,47.0,-10.0
2023-12-30 15:51:11,47.0,-10.0
2023-12-30 15:52:11,47.0,-10.0
2023-12-30 15:53:11,47.0,-10.0
2023-12-30 15:54:11,47.0,-10.0
2023-12-30 15:55:11,47.0,-9.246282456236012
2023-12-30 15:56:11,47.0,-10.0
2023-12-30 15:57:11,47.0,-10.0
2023-12-30 15:58:11,47.0,-10.0
2023-12-30 15:59:11,47.0,-10.0
2023-12-30 16:00:11,47.0,-10.0
2023-12-30 16:01:11,47.0,-10.0
2023-12-30 16:02:11,47.0,-10.0
2023-12-30 16:03:11,47.0,-10.0
2023-12-30 16:04:11,47.0,1.613630800240987
2023-12-30 16:05:11,47.0,-10.0
2023-12-30 16:06:11,47.0,-10.0
2023-12-30 16:07:11,47.0,-10.0
2023-12-30 16:08:11,47.0,-2.3615984765199833
2023-12-30 16:09:11,47.0,-10.0
2023-12-30 16:10:11,47.0,-10.0
2023-12-30 16:11:11,47.0,-10.0
2023-12-30 16:12:11,47.0,-10.0
2023-12-30 16:13:11,47.0,-10.0
2023-12-30 16:14:11,47.0,-10.0
2023-12-30 16:15:11,47.0,-10.0
2023-12-30 16:16:11,47.0,-10.0
2023-12-30 16:17:11,47.0,-10.0
2023-12-30 16:18:11,47.0,-10.0
2023-12-30 16:19:11,47.0,-10.0
2023-12-30 16:20:11,47.0,-5.323908183259645
2023-12-30 16:21:11,47.0,-10.0
2023-12-30 16:22:11,47.0,-10.0
2023-12-30 16:23:11,47.0,-10.0
2023-12-30 16:24:11,47.0,-10.0
2023-12-30 16:25:11,47.0,-10.0
2023-12-30 16:26:11,47.0,-10.0
2023-12-30 16:27:11,47.0,-10.0
2023-12-30 16:28:11,47.0,-10.0
2023-12-30 16:29:11,47.0,-10.0
2023-12-30 16:30:11,47.0,-10.0
2023-12-30 16:31:11,47.0,-10.0
2023-12-30 16:32:11,47.0,-7.00802244115734
2023-12-30 16:33:11,47.0,-10.0
2023-12-30 16:34:11,47.0,-10.0
2023-12-30 16:35:11,47.0,-10.0
2023-12-30 16:36:11,47.0,-10.0
2023-12-30 16:37:11,47.0,-10.0
2023-12-30 16:38:11,47.0,-10.0
2023-12-30 16:39:11,47.0,-10.0
2023-12-30 16:40:11,47.0,-10.0
2023-12-30 16:41:11,47.0,-10.0
2023-12-30 16:42:11,47.0,-10.0
2023-12-30 16:43:11,47.0,-10.0
2023-12-30 16:44:11,47.0,-10.0
2023-12-30 16:45:11,47.0,-10.0
2023-12-30 16:46:11,47.0,-10.0
2023-12-30 16:47:11,47.0,-10.0
2023-12-30 16:48:11,47.0,6.760328964959992
2023-12-30 16:49:11,47.0,-10.0
2023-12-30 16:50:11,47.0,-10.0
2023-12-30 16:51:11,47.0,-10.0
2023-12-30 16:52:11,47.0,-10.0
2023-12-30 16:53:11,47.0,-10.0
2023-12-30 16:54:11,47.0,-10.0
2023-12-30 16:55:11,47.0,-10.0
2023-12-30 16:56:11,47.0,-10.0
2023-12-30 16:57:11,47.0,-10.0
2023-12-30 16:58:11,47.0,-10.0
2023-12-30 16:59:11,47.0,-10.0
2023-12-30 17:00:11,47.0,-10.0
2023-12-30 17:01:11,47.0,-10.0
2023-12-30 17:02:11,47.0,-10.0
2023-12-30 17:03:11,47.0,-10.0
2023-12-30 17:04:11,47.0,-10.0
2023-12-30 17:05:11,47.0,-10.0
2023-12-30 17:06:11,47.0,-10.0
2023-12-30 17:07:11,47.0,-10.0
2023-12-30 17:08:11,47.0,-10.0
2023-12-30 17:09:11,47.0,-10.0
2023-12-30 17:10:11,47.0,-10.0
2023-12-30 17:11:11,47.0,-10.0
2023-12-30 17:12:11,47.0,-10.0
2023-12-30 17:13:11,56.64911886796441,-10.0
2023-12-30 17:14:11,47.0,-10.0
2023-12-30 17:15:11,47.0,-10.0
2023-12-30 17:16:11,47.0,-10.0
2023-12-30 17:17:11,47.0,-10.0
2023-12-30 17:18:11,47.0,-10.0
2023-12-30 17:19:11,47.0,-10.0
2023-12-30 17:20:11,47.0,-10.0
2023-12-30 17:21:11,47.0,-10.0
2023-12-30 17:22:11,47.0,-10.0
2023-12-30 17:23:11,47.0,-10.0
2023-12-30 17:24:11,47.0,-10.0
2023-12-30 17:25:11,47.0,-10.0
2023-12-30 17:26:11,47.0,-10.0
2023-12-30 17:27:11,47.0,-10.0
2023-12-30 17:28:11,47.0,-10.0
2023-12-30 17:29:11,47.0,-10.0
2023-12-30 17:30:11,47.0,-10.0
2023-12-30 17:31:11,47.0,-10.0
2023-12-30 17:32:11,47.0,-10.0
2023-12-30 17:33:11,47.0,-10.0
2023-12-30 17:34:11,47.0,-10.0
2023-12-30 17:35:11,47.0,-10.0
2023-12-30 17:36:11,47.0,-10.0
2023-12-30 17:37:11,47.0,-10.0
2023-12-30 17:38:11,47.0,-10.0
2023-12-30 17:39:11,47.0,-10.0
2023-12-30 17:40:11,47.0,-10.0
2023-12-30 17:41:11,47.0,-10.0
2023-12-30 17:42:11,47.0,-10.0
2023-12-30 17:43:11,47.0,-10.0
2023-12-30 17:44:11,47.0,-10.0
2023-12-30 17:45:11,47.0,-10.0
2023-12-30 17:46:11,47.0,-10.0
2023-12-30 17:47:11,47.0,-9.75209551969511
2023-12-30 17:48:11,47.0,-9.642941717978783
2023-12-30 17:49:11,47.0,-9.737017276022154
2023-12-30 17:50:11,47.0,-9.69023163308491
2023-12-30 17:51:11,47.0,-9.71532502782297
2023-12-30 17:52:11,47.0,-9.653838850611308
2023-12-30 17:53:11,47.0,-8.725011936300165
2023-12-30 17:54:11,47.0,-8.240059126658801
2023-12-30 17:55:11,47.0,-9.367841495376247
2023-12-30 17:56:11,47.0,-8.672592585878466
2023-12-30 17:57:11,47.0,-9.311008309118924
2023-12-30 17:58:11,47.0,-9.36044765512301
2023-12-30 17:59:11,47.0,-9.308867311923187
2023-12-30 18:00:11,47.0,-8.871719348234008
2023-12-30 18:01:11,47.0,-9.044975277370273
2023-12-30 18:02:11,47.0,-9.888161823114801
2023-12-30 18:03:11,47.0,-9.131777658289943
2023-12-30 18:04:11,47.0,-9.366987170359943
2023-12-30 18:05:11,47.0,-8.683502330341467
2023-12-30 18:06:11,47.0,-7.7987931096883445
2023-12-30 18:07:11,47.0,-7.745362737571589
2023-12-30 18:08:11,47.0,-7.850258466376863
2023-12-30 18:09:11,47.0,-8.550449981760842
2023-12-30 18:10:11,47.0,-8.933591692080133
2023-12-30 18:11:11,47.0,-8.573326454250331
2023-12-30 18:12:11,47.0,-9.29789487455562
2023-12-30 18:13:11,47.0,-9.231755931627815
2023-12-30 18:14:11,47.0,-8.675992136986341
2023-12-30 18:15:11,47.0,-9.10339042622062
2023-12-30 18:16:11,47.0,-9.987153943055228
2023-12-30 18:17:11,47.0,-9.695615461169881
2023-12-30 18:18:11,47.0,-9.429090011212978
2023-12-30 18:19:11,47.0,-8.756100401888647
2023-12-30 18:20:11,47.0,-8.695285602234653
2023-12-30 18:21:11,47.0,-8.94514968987275
2023-12-30 18:22:11,47.0,-2.021866066298026
2023-12-30 18:23:11,47.0,-8.671822043355881
2023-12-30 18:24:11,47.0,-7.967356615496003
2023-12-30 18:25:11,47.0,-7.601142354307798
2023-12-30 18:26:11,47.0,-7.927990803096851
2023-12-30 18:27:11,47.0,-7.445282418946679
2023-12-30 18:28:11,47.0,-7.8509869669453805
2023-12-30 18:29:11,47.0,-7.431743454432494
2023-12-30 18:30:11,47.0,-7.689945427415227
2023-12-30 18:31:11,47.0,0.5006288287086744
2023-12-30 18:32:11,47.0,-7.839758346685546
2023-12-30 18:33:11,47.0,-8.24382471051942
2023-12-30 18:34:11,47.0,-8.128477532243542
2023-12-30 18:35:11,47.0,-8.801837784042885
2023-12-30 18:36:11,47.0,-9.046163604489339
2023-12-30 18:37:11,47.0,-8.985497376661042
2023-12-30 18:38:11,47.0,-10.0
2023-12-30 18:39:11,47.0,-8.970014408857136
2023-12-30 18:40:11,47.0,-8.946929151238047
2023-12-30 18:41:11,47.0,-9.646373199054533
2023-12-30 18:42:11,47.0,-10.0
2023-12-30 18:43:11,47.0,-10.0
2023-12-30 18:44:11,47.0,9.209565955859198
2023-12-30 18:45:11,47.0,-10.0
2023-12-30 18:46:11,47.0,-10.0
2023-12-30 18:47:11,47.0,-10.0
2023-12-30 18:48:11,47.0,-10.0
2023-12-30 18:49:11,47.0,-9.540885203658187
2023-12-30 18:50:11,47.0,-10.0
2023-12-30 18:51:11,47.0,-0.25238544422889575
2023-12-30 18:52:11,47.0,-10.0
2023-12-30 18:53:11,52.7132081069356,-10.0
2023-12-30 18:54:11,47.0,-9.889532582907517
2023-12-30 18:55:11,47.0,-10.0
2023-12-30 18:56:11,47.0,-10.0
2023-12-30 18:57:11,47.0,-10.0
2023-12-30 18:58:11,47.0,-10.0
2023-12-30 18:59:11,47.0,-10.0
2023-12-30 19:00:11,47.0,-10.0
2023-12-30 19:01:11,47.0,-9.634051684908407
2023-12-30 19:02:11,47.0,-9.331343482708832
2023-12-30 19:03:11,47.0,-10.0
2023-12-30 19:04:11,47.0,-9.307974033004578
2023-12-30 19:05:11,47.0,-9.995495968616392
2023-12-30 19:06:11,47.0,-9.275248984177964
2023-12-30 19:07:11,47.0,-9.618354793418812
2023-12-30 19:08:11,47.0,-9.15460606653833
2023-12-30 19:09:11,47.0,1.8500053264464333
2023-12-30 19:10:11,47.0,-10.0
2023-12-30 19:11:11,47.0,-10.0
2023-12-30 19:12:11,47.0,2.359107416165074
2023-12-30 19:13:11,47.0,-10.0
2023-12-30 19:14:11,47.0,-10.0
2023-12-30 19:15:11,47.0,-10.0
2023-12-30 19:16:11,47.0,-9.601547538903818
2023-12-30 19:17:11,47.0,-10.0
2023-12-30 19:18:11,47.0,-9.538355614344326
2023-12-30 19:19:11,47.0,-9.16486756126547
2023-12-30 19:20:11,47.0,-8.188239894192382
2023-12-30 19:21:11,47.0,-7.81590676765621
2023-12-30 19:22:11,47.0,-7.453743636090366
2023-12-30 19:23:11,47.0,-5.986127646441162
2023-12-30 19:24:11,47.0,-7.730129916440636
2023-12-30 19:25:11,47.0,-7.699467595054192
2023-12-30 19:26:11,47.0,-7.620248780842011
2023-12-30 19:27:11,47.0,-8.417522362701474
2023-12-30 19:28:11,47.0,-8.25191906974706
2023-12-30 19:29:11,47.0,-8.361324338338292
2023-12-30 19:30:11,47.0,-7.692981231357636
2023-12-30 19:31:11,47.0,-7.808459457918954
2023-12-30 19:32:11,47.0,-7.147220509590949
2023-12-30 19:33:11,47.0,-0.3755605128427959
2023-12-30 19:34:11,47.0,-7.449208888107101
2023-12-30 19:35:11,47.0,-7.571468988166454
2023-12-30 19:36:11,47.0,-8.098862857603821
2023-12-30 19:37:11,47.0,0.8520786079192337
2023-12-30 19:38:11,47.0,-7.547722750618069
2023-12-30 19:39:11,47.0,-7.999263359361754
2023-12-30 19:40:11,47.0,-8.160130673187522
2023-12-30 19:41:11,47.0,-8.633660232987332
2023-12-30 19:42:11,47.0,-8.686522977702941
2023-12-30 19:43:11,47.0,-8.235307556914266
2023-12-30 19:44:11,47.0,-7.576773950615333
2023-12-30 19:45:11,47.0,3.866680948553187
2023-12-30 19:46:11,47.0,-7.805904158615944
2023-12-30 19:47:11,47.0,-7.607449823080943
2023-12-30 19:48:11,47.0,-8.53326611779888
2023-12-30 19:49:11,47.0,-8.661960108030803
2023-12-30 19:50:11,47.0,-8.14335417646058
2023-12-30 19:51:11,47.0,8.149767296543168
2023-12-30 19:52:11,47.0,-8.942265172032327
2023-12-30 19:53:11,47.0,-8.259707816883072
2023-12-30 19:54:11,47.0,-8.553731967769806
2023-12-30 19:55:11,47.0,-8.340924886148242
2023-12-30 19:56:11,47.0,-8.303564817043634
2023-12-30 19:57:11,47.0,-9.16851078322678
2023-12-30 19:58:11,47.0,-8.679804336038053
2023-12-30 19:59:11,47.0,-9.56737507789599
2023-12-30 20:00:11,47.0,-10.0
2023-12-30 20:01:11,47.0,-9.107482402344079
2023-12-30 20:02:11,47.0,-9.050604114940992
2023-12-30 20:03:11,47.0,-8.348159882195684
2023-12-30 20:04:11,47.0,-3.1043956679268225
2023-12-30 20:05:11,47.0,-9.075172780517029
2023-12-30 20:06:11,47.0,-9.333580320351833
2023-12-30 20:07:11,47.0,-10.0
2023-12-30 20:08:11,47.0,-9.194980978390102
2023-12-30 20:09:11,47.0,-9.77161900177298
2023-12-30 20:10:11,47.0,-9.722673062270012
2023-12-30 20:11:11,47.0,-9.623369025149222
2023-12-30 20:12:11,47.0,-10.0
2023-12-30 20:13:11,47.0,6.492834276249496
2023-12-30 20:14:11,47.0,-5.266611640481964
2023-12-30 20:15:11,47.0,-10.0
2023-12-30 20:16:11,47.0,-9.836659350700295
2023-12-30 20:17:11,47.0,-0.31791280455636617
2023-12-30 20:18:11,47.0,-10.0
2023-12-30 20:19:11,47.0,-10.0
2023-12-30 20:20:11,47.0,-10.0
2023-12-30 20:21:11,47.0,-10.0
2023-12-30 20:22:11,47.0,-10.0
2023-12-30 20:23:11,47.0,-10.0
2023-12-30 20:24:11,47.0,-10.0
2023-12-30 20:25:11,47.0,-10.0
2023-12-30 20:26:11,47.0,-6.002655241592468
2023-12-30 20:27:11,47.0,-10.0
2023-12-30 20:28:11,47.0,-10.0
2023-12-30 20:29:11,47.0,-10.0
2023-12-30 20:30:11,47.0,-9.157950562726736
2023-12-30 20:31:11,47.0,-9.274061465657143
2023-12-30 20:32:11,47.0,-10.0
